tiempo_s,unidad
0.10375,1
0.15945,0
0.1724,0
0.2833,1
0.3067,0
0.32655,0
0.36455,2
0.4554,0
0.4986,0
0.56185,0
0.5706,0
0.6311,1
0.65415,0
0.73065,1
0.74735,0
0.90445,2
1.1961,1
1.24185,0
1.26175,0
1.3043,0
1.33565,1
1.3563,1
1.4475,0
1.46485,0
1.47875,0
1.4938,1
1.4999,0
1.50935,0
1.55035,0
1.59495,0
1.6091,0
1.65005,0
1.65235,2
1.71015,0
1.78295,1
1.8698,2
1.97765,0
2.01395,1
2.03215,0
2.08945,0
2.1274,2
2.2419,2
2.24865,0
2.29425,0
2.413,0
2.45545,2
2.4735,2
2.53755,2
2.5565,1
2.5639,0
2.6053,2
2.61655,0
2.70135,1
2.76245,0
2.7676,0
2.8498,0
2.9283,0
2.97005,0
2.98775,0
3.0121,2
3.0613,2
3.11475,0
3.13075,0
3.15185,0
3.17775,0
3.23115,0
3.27715,1
3.33635,0
3.41565,0
3.42955,0
3.4686,1
3.4907,0
3.72645,0
3.7365,1
3.76105,0
3.8222,0
3.8528,0
3.90725,0
3.92395,1
3.93665,0
3.96175,1
4.02335,0
4.06435,0
4.07055,0
4.08455,0
4.1348,0
4.16615,0
4.20235,0
4.20845,2
4.24105,1
4.271,0
4.30065,0
4.32655,1
4.33135,0
4.3338,0
4.33855,1
4.376,0
4.38405,0
4.39555,2
4.4204,2
4.5773,2
4.67725,0
4.8266,0
4.8298,0
4.9075,0
4.9347,0
4.96685,2
5.02295,0
5.0314,0
5.039,0
5.0577,0
5.2431,2
5.2622,1
5.2982,0
5.35885,2
5.47905,0
5.5096,1
5.61095,0
5.6404,2
5.68235,0
5.93975,1
6.03445,2
6.1731,1
6.17965,0
6.2286,0
6.24905,0
6.26695,0
6.31445,0
6.3403,2
6.3795,1
6.4071,0
6.45235,0
6.48785,0
6.53315,0
6.58165,1
6.5905,0
6.63185,0
6.69455,0
6.78505,0
6.8907,2
6.9374,0
6.99585,0
7.0015,0
7.004,2
7.00755,2
7.01035,2
7.102,0
7.2161,1
7.2785,1
7.3421,0
7.36785,2
7.4368,2
7.45275,0
7.52955,1
7.578,0
7.60745,1
7.70745,0
7.72925,1
7.81675,0
7.8431,0
7.8601,2
7.89965,0
8.0108,0
8.0504,1
8.2903,0
8.31015,0
8.4404,0
8.45075,0
8.5118,1
8.513,0
8.5663,0
8.6717,1
8.6766,2
8.7296,0
8.75555,2
8.84215,1
8.96405,2
9.09105,0
9.1176,0
9.16565,0
9.2261,0
9.25305,0
9.30125,0
9.3165,0
9.3308,0
9.3674,0
9.43225,0
9.4394,0
9.4986,1
9.51975,1
9.5364,1
9.5451,0
9.6575,0
9.6612,0
9.74875,0
9.7576,2
9.79465,1
9.8009,2
9.84085,0
9.88995,0
9.9842,1
10.0053,2
10.0968,1
10.10575,0
10.14365,0
10.1466,1
10.17735,0
10.2348,0
10.2737,2
10.3092,0
10.37555,1
10.7974,0
10.82755,1
10.8969,2
10.9109,0
10.95865,0
10.9645,1
10.98265,0
11.19625,0
11.2139,0
11.307,1
11.32265,0
11.3412,1
11.36145,0
11.37885,0
11.41665,0
11.47035,0
11.5571,0
11.57285,0
11.59065,1
11.61115,1
11.65405,0
11.6755,2
11.8434,0
11.8663,1
11.8841,1
11.89485,0
11.99095,1
12.0297,2
12.03315,2
12.0395,1
12.17415,0
12.22535,0
12.23705,1
12.25815,1
12.26145,0
12.27445,0
12.28925,0
12.37755,0
12.41925,1
12.50015,1
12.55605,2
12.5622,0
12.6289,0
12.63805,0
12.77665,0
12.9561,0
13.02755,0
13.0506,0
13.0651,0
13.0774,1
13.08355,1
13.1444,0
13.1648,2
13.2457,1
13.43575,1
13.4494,1
13.4517,1
13.4539,0
13.48665,0
13.49565,0
13.5759,0
13.6616,0
13.67965,1
13.73185,2
13.81755,0
13.84425,0
13.8654,0
13.94085,1
14.00155,2
14.01295,1
14.07615,1
14.14125,0
14.15105,0
14.19745,0
14.36595,0
14.40875,2
14.45545,0
14.4579,0
14.5916,1
14.63175,1
14.65955,0
14.67675,0
14.68655,0
14.7064,1
14.7832,1
14.83115,1
14.87275,1
14.9166,0
14.9552,0
15.102,0
15.1304,0
15.1561,1
15.1707,1
15.2881,0
15.29795,1
15.3159,2
15.52795,1
15.53855,2
15.5755,0
15.71515,0
15.82175,1
15.85815,0
15.8863,0
16.01645,0
16.06955,0
16.0941,1
16.1104,0
16.18085,0
16.20965,0
16.2204,1
16.28985,1
16.3141,1
16.32805,1
16.36025,2
16.3992,1
16.42115,0
16.44875,0
16.46285,2
16.57985,0
16.692,0
16.6964,2
16.7889,1
16.80965,0
16.8275,0
16.85615,1
16.9021,1
16.94225,2
16.95825,0
17.02115,1
17.0413,1
17.07605,0
17.0835,0
17.3104,0
17.3951,0
17.5688,2
17.6193,0
17.64585,0
17.66535,1
17.6991,0
17.83415,1
17.83645,0
17.87215,2
17.87815,0
17.9323,1
17.9608,0
18.03585,0
18.0425,0
18.2568,1
18.2868,1
18.3005,0
18.4852,0
18.57925,1
18.6321,2
18.6372,0
18.69165,0
18.7525,1
18.8297,0
18.85995,0
18.8742,0
18.9144,1
18.9211,1
18.9839,0
18.9942,0
19.00215,0
19.07155,0
19.1275,0
19.1525,1
19.17555,2
19.26745,1
19.29185,1
19.30315,1
19.32185,1
19.33695,0
19.40215,0
19.5143,1
19.61915,0
19.68955,0
19.70995,0
19.72025,0
19.92385,1
19.9442,2
19.94565,0
20.0446,0
20.0943,2
20.10445,0
20.1899,0
20.21475,1
20.24605,0
20.2972,1
20.3301,0
20.38055,0
20.3861,0
20.50235,0
20.5494,1
20.58675,0
20.6006,1
20.6306,1
20.6798,0
20.76195,1
20.82665,0
20.88615,0
20.91105,0
21.032,0
21.04615,0
21.0555,0
21.14615,1
21.15525,0
21.19875,0
21.212,1
21.23935,1
21.27445,0
21.3081,0
21.42595,0
21.4577,1
21.4598,1
21.5889,1
21.6147,0
21.80705,2
21.8193,1
21.87015,0
21.89525,0
21.907,1
21.91055,1
21.97825,0
21.98095,1
22.1695,0
22.1717,0
22.1886,1
22.2307,0
22.25375,2
22.29845,1
22.31955,0
22.3342,1
22.49855,0
22.5423,1
22.64545,0
22.6918,0
22.7081,1
22.74405,0
22.8446,0
22.92115,2
22.976,0
23.19515,2
23.35195,0
23.3635,2
23.3655,0
23.4513,2
23.4807,2
23.7909,1
23.80415,1
23.81785,0
23.86535,0
23.8839,0
23.88985,0
24.0259,0
24.12045,0
24.14745,0
24.19655,0
24.20475,0
24.21465,0
24.32115,0
24.33175,1
24.38465,0
24.51705,0
24.5235,2
24.58455,0
24.58715,0
24.6326,0
24.6573,0
24.68935,1
24.69145,2
24.7687,1
24.8417,0
24.86465,0
24.91545,0
24.92495,0
24.9747,2
25.05025,1
25.07165,2
25.1235,0
25.20765,0
25.31315,2
25.35905,1
25.424,1
25.4904,0
25.5154,0
25.59445,0
25.7525,0
25.82185,1
25.8789,0
25.8964,0
25.9054,0
26.01735,0
26.13645,0
26.148,0
26.17705,2
26.313,0
26.3606,0
26.56765,0
26.60235,2
26.71415,2
26.721,1
26.86615,0
26.9014,2
27.0164,1
27.0541,2
27.13325,0
27.21965,0
27.2653,2
27.2785,0
27.3354,1
27.46815,0
27.4848,1
27.48845,0
27.50465,1
27.55695,2
27.60725,0
27.65075,0
27.66035,0
27.8338,0
27.86655,0
27.87735,0
27.8863,0
27.89615,0
27.9936,0
28.0232,1
28.04885,1
28.06265,1
28.1305,2
28.20325,0
28.21415,2
28.23815,0
28.28615,1
28.37575,0
28.3973,1
28.43225,0
28.4638,0
28.5297,1
28.5769,1
28.6621,0
28.69815,1
28.7169,0
28.7314,0
28.8709,1
28.93685,0
29.1311,0
29.1481,0
29.22525,0
29.26255,1
29.3227,2
29.32775,0
29.36415,0
29.42175,0
29.51365,0
29.51715,2
29.5692,0
29.6027,0
29.6553,0
29.65745,0
29.7011,1
29.72235,0
29.73375,0
29.92415,0
29.9267,2
29.9683,2
29.9955,2
30.0005,0
30.0627,0
30.06985,0
30.1048,0
30.127,0
30.14475,0
30.1718,0
30.2017,0
30.207,1
30.39005,0
30.39705,1
30.52335,0
30.57705,1
30.58875,1
30.59365,0
30.66875,1
30.76445,0
30.8206,0
30.82375,0
30.8384,0
30.93455,0
31.0018,0
31.02705,1
31.0364,1
31.07235,0
31.10715,1
31.1228,0
31.1259,0
31.15265,0
31.15485,1
31.1655,1
31.16655,0
31.17895,1
31.192,0
31.2322,0
31.23945,1
31.2438,1
31.2477,0
31.2634,0
31.2764,0
31.2911,0
31.30085,0
31.30415,0
31.31115,1
31.31595,0
31.31975,1
31.3264,1
31.33,1
31.34115,0
31.35205,0
31.3553,1
31.35865,0
31.36405,2
31.3702,1
31.38085,1
31.409,0
31.41465,0
31.41935,1
31.436,0
31.44035,1
31.48305,1
31.4928,1
31.49935,1
31.5887,0
31.638,0
31.65865,0
31.66655,0
31.7601,0
31.77895,0
31.82705,0
31.8731,0
31.98475,0
32.09795,0
32.1283,0
32.2013,1
32.2465,0
32.256,2
32.28715,0
32.4114,0
32.42205,0
32.4534,2
32.4592,0
32.50665,1
32.57815,2
32.58965,0
32.63355,0
32.7104,0
32.81865,0
32.88865,1
32.89675,1
32.9652,1
32.9748,0
33.20185,0
33.2683,1
33.2851,1
33.29765,2
33.3052,0
33.38155,0
33.4463,0
33.49215,2
33.49555,0
33.629,1
33.6702,2
33.739,2
34.0178,1
34.01905,0
34.02945,0
34.03635,0
34.0499,1
34.0654,0
34.0927,1
34.1062,0
34.114,0
34.122,1
34.1372,0
34.1615,0
34.1745,0
34.2022,1
34.20595,0
34.21775,1
34.22035,0
34.2228,1
34.23215,0
34.2359,2
34.24345,0
34.25225,0
34.28345,0
34.2913,0
34.2977,0
34.3053,0
34.30995,0
34.3122,0
34.33045,0
34.3394,1
34.3578,1
34.3626,0
34.3733,1
34.3794,0
34.39525,0
34.4337,0
34.43765,0
34.4667,1
34.47255,0
34.68145,1
34.68875,0
34.73235,0
34.7886,1
34.7949,0
34.82895,1
34.8888,0
34.90045,0
34.9526,0
34.96945,1
35.0705,2
35.16025,0
35.26865,1
35.3361,2
35.47895,2
35.49155,1
35.5501,2
35.61785,0
35.6501,0
35.6532,2
35.70855,0
35.7706,2
35.7813,0
35.78485,0
35.85365,0
36.0953,1
36.09865,2
36.17575,1
36.1886,1
36.20365,1
36.31665,1
36.33365,0
36.3518,0
36.45125,1
36.4627,0
36.5016,2
36.5136,1
36.5337,1
36.54465,2
36.6541,0
36.6624,1
36.68475,2
36.6912,0
36.7036,0
36.78695,0
36.7922,0
36.82065,2
36.8691,0
36.89995,0
36.92465,1
36.9838,0
37.03665,1
37.0412,1
37.1404,1
37.1761,1
37.18825,1
37.21055,1
37.2719,1
37.28435,1
37.2865,1
37.31305,0
37.3348,1
37.34725,1
37.3753,1
37.4047,1
37.4192,1
37.4243,1
37.4481,1
37.46045,1
37.4938,1
37.50605,2
37.5179,0
37.56845,0
37.6841,0
37.68665,1
37.7152,0
37.74815,0
37.79145,0
37.8621,0
37.8891,1
38.11355,1
38.1195,1
38.13105,1
38.3396,0
38.4021,0
38.5008,0
38.6317,1
38.67875,0
38.7482,0
38.8133,0
38.85725,0
39.0113,0
39.0628,2
39.15375,0
39.16765,0
39.19565,0
39.2065,1
39.23415,1
39.276,0
39.29055,0
39.36525,2
39.38785,0
39.5594,0
39.5676,1
39.8363,1
39.8748,1
39.97685,0
40.00515,1
40.0098,1
40.01465,1
40.06505,1
40.07515,1
40.1045,0
40.11915,0
40.16135,1
40.17875,1
40.19395,1
40.2,1
40.233,1
40.24075,1
40.24935,1
40.2595,1
40.2771,1
40.2985,2
40.31795,1
40.33635,1
40.3441,1
40.37985,1
40.38845,1
40.40275,1
40.43075,1
40.4352,0
40.4564,1
40.4619,1
40.4721,1
40.4815,0
40.48945,1
40.4915,1
40.53485,0
40.6563,0
40.69015,0
40.73675,0
40.73915,0
40.80315,1
40.82255,1
40.8838,1
40.89595,0
40.9402,0
40.97455,0
40.9829,2
41.00525,0
41.0532,0
41.0644,2
41.07255,1
41.08145,1
41.11695,2
41.12045,0
41.12355,1
41.12945,2
41.1535,0
41.16955,0
41.20845,2
41.23665,0
41.27315,0
41.3772,0
41.4428,0
41.4457,0
41.5519,0
41.5611,0
41.5931,2
41.7341,0
41.8192,2
41.858,0
42.02515,1
42.07635,0
42.07845,1
42.18025,1
42.21895,0
42.2618,1
42.37255,2
42.46045,0
42.4684,0
42.5329,0
42.55275,0
42.5645,1
42.56695,0
42.5945,0
42.632,0
42.6789,0
42.7301,1
42.7622,0
42.76665,0
42.7718,1
42.79535,0
42.7974,1
42.84145,0
42.88885,0
42.91655,1
42.94155,1
42.94845,0
42.9903,1
43.00815,0
43.0291,1
43.069,1
43.0727,0
43.1313,0
43.13285,1
43.1794,1
43.1861,1
43.2189,0
43.22465,1
43.23385,1
43.24025,1
43.2525,1
43.255,1
43.2602,0
43.31615,1
43.35145,1
43.36255,1
43.3922,1
43.4035,1
43.46265,1
43.4984,1
43.5179,2
43.61525,2
43.6213,0
43.65275,0
43.817,1
43.90505,0
43.91455,0
43.98275,0
43.986,1
44.01365,0
44.0884,0
44.1111,0
44.1166,2
44.1777,1
44.252,0
44.2703,0
44.2917,0
44.30365,1
44.3066,0
44.3217,1
44.3427,2
44.39265,2
44.4039,0
44.4811,0
44.48655,1
44.495,1
44.62365,2
44.65005,0
44.6987,0
44.71675,1
44.76465,0
44.93135,1
45.0011,1
45.0068,0
45.0256,1
45.0633,0
45.0768,0
45.15075,0
45.1751,0
45.213,2
45.2683,2
45.4439,1
45.4859,1
45.4983,0
45.53855,1
45.58055,0
45.6256,0
45.76415,0
45.8508,0
45.9081,0
45.9291,0
45.99165,0
46.0014,1
46.0239,1
46.0399,0
46.04165,1
46.0439,1
46.0496,1
46.0507,0
46.05625,1
46.05995,1
46.06305,1
46.0733,1
46.1144,1
46.1386,1
46.1446,1
46.1521,1
46.1549,0
46.15705,1
46.1671,2
46.17585,1
46.18625,1
46.19085,1
46.193,0
46.2008,1
46.2057,1
46.21265,1
46.2151,1
46.21915,1
46.24575,2
46.25515,1
46.26585,1
46.27615,1
46.2819,1
46.2841,1
46.2967,0
46.33775,1
46.35015,1
46.3553,1
46.35845,1
46.36665,0
46.37205,1
46.3826,1
46.39235,1
46.397,1
46.4032,1
46.42615,1
46.42885,1
46.43815,1
46.4486,0
46.4664,1
46.47455,1
46.48045,1
46.4819,0
46.49015,1
46.52535,0
46.5305,0
46.54025,0
46.55825,1
46.60165,1
46.67015,0
46.7234,0
46.74075,0
46.81035,0
46.84825,0
46.8543,0
46.89765,0
46.9413,2
47.01365,0
47.0535,2
47.0954,1
47.2112,1
47.2495,2
47.2874,0
47.29625,0
47.32585,0
47.36175,0
47.4025,1
47.4172,1
47.42825,0
47.52835,0
47.565,0
47.58045,2
47.66325,0
47.7081,0
47.76765,1
47.7925,2
47.82555,0
47.96455,1
47.9664,2
48.04765,1
48.0666,0
48.0746,0
48.08905,0
48.2075,0
48.21855,0
48.22125,0
48.2573,0
48.33425,0
48.36725,0
48.3931,0
48.4086,0
48.4233,2
48.5435,0
48.5789,0
48.5856,1
48.60075,0
48.6127,0
48.71275,0
48.7636,0
48.76875,0
48.8332,1
49.0189,1
49.0324,1
49.06045,1
49.0695,1
49.07205,1
49.078,1
49.12,1
49.1251,1
49.1327,0
49.1724,1
49.1901,1
49.20095,1
49.2073,1
49.2305,1
49.24775,1
49.2579,1
49.32125,1
49.34465,1
49.35035,1
49.38175,1
49.3864,1
49.39355,0
49.39675,1
49.40015,1
49.4093,1
49.4161,1
49.4701,1
49.4822,1
49.4885,1
49.49875,0
49.5207,0
49.59875,1
49.60435,0
49.6795,0
49.72885,0
49.8759,0
49.8877,1
49.8983,0
49.91245,1
49.964,0
50.0014,2
50.0342,0
50.1015,1
50.10825,2
50.18855,1
50.1938,2
50.25955,2
50.2658,0
50.29035,0
50.3405,1
50.3429,0
50.37365,1
50.3876,2
50.429,0
50.4552,0
50.49005,0
50.5673,0
50.5865,0
50.7658,0
50.90525,1
50.9253,0
51.03145,0
51.29935,0
51.3124,0
51.32115,1
51.41005,0
51.41275,0
51.45985,0
51.49045,0
51.50115,0
51.533,0
51.56225,2
51.6185,1
51.65915,0
51.66235,2
51.81355,2
51.8206,2
51.82405,0
51.9305,0
51.9982,0
52.00135,1
52.01055,1
52.0335,0
52.04405,1
52.10785,1
52.12485,1
52.1303,1
52.1497,1
52.1522,1
52.1639,1
52.17315,1
52.18495,1
52.2018,1
52.2293,1
52.2489,1
52.2606,0
52.26365,1
52.277,1
52.2843,1
52.31395,1
52.35555,1
52.35825,1
52.37265,0
52.38805,1
52.39945,1
52.4026,0
52.4536,1
52.46285,0
52.5919,0
52.6607,1
52.7015,0
52.7041,0
52.72745,0
52.78245,0
52.79065,0
52.8166,1
52.98255,0
53.00455,0
53.11755,2
53.164,0
53.18485,0
53.268,0
53.2832,0
53.29115,1
53.32225,1
53.33455,1
53.3432,0
53.3717,0
53.37635,1
53.4337,1
53.558,0
53.5603,1
53.56915,0
53.661,0
53.6639,2
53.69435,1
53.7121,0
53.7374,0
53.75185,1
53.7627,0
53.88565,1
53.9019,0
53.9379,0
53.9518,0
54.0042,0
54.096,0
54.1264,2
54.1293,0
54.16115,0
54.2041,0
54.2937,2
54.30105,0
54.3955,2
54.5406,0
54.55385,0
54.5854,0
54.6796,0
54.7057,0
54.7385,0
54.7535,1
54.78245,0
54.8132,0
54.8283,1
54.90325,0
54.9342,0
54.95295,0
54.9622,0
54.9646,0
55.00915,1
55.02145,0
55.05065,0
55.0532,0
55.08975,1
55.0957,2
55.12905,1
55.1491,1
55.1548,1
55.1695,1
55.18995,1
55.1989,1
55.21075,1
55.2137,1
55.21665,1
55.22435,0
55.23165,0
55.25895,1
55.26355,1
55.284,0
55.30185,1
55.3109,0
55.3138,1
55.3241,1
55.3342,0
55.40425,1
55.4888,1
55.5522,0
55.58405,1
55.5988,1
55.61635,2
55.65115,0
55.73445,0
55.774,1
55.8002,1
55.839,1
55.88815,1
55.89355,0
55.93335,1
55.9413,0
55.96395,0
56.1025,0
56.15195,0
56.21465,0
56.2226,2
56.33245,2
56.3575,0
56.41735,1
56.5045,0
56.5471,1
56.6664,1
56.674,1
56.7176,0
56.7388,0
56.7985,1
56.83685,0
56.9578,0
56.9861,0
57.00855,1
57.02485,1
57.13195,0
57.1877,1
57.23225,2
57.2424,2
57.29095,0
57.30315,1
57.3364,0
57.3696,0
57.4446,0
57.5173,0
57.57905,1
57.63845,0
57.7116,0
57.80505,0
57.8473,2
57.9002,2
57.9442,0
57.98795,0
58.00585,0
58.0464,0
58.06615,1
58.09015,1
58.1098,0
58.1134,0
58.1217,0
58.14175,0
58.1517,0
58.1585,1
58.2465,1
58.2887,0
58.3257,0
58.3412,1
58.34725,1
58.36725,0
58.40205,0
58.4276,0
58.43035,1
58.4401,1
58.4607,1
58.602,1
58.6137,0
58.6475,0
58.7854,1
58.80525,0
58.9251,1
58.95305,1
59.01015,0
59.0119,1
59.02115,1
59.04265,1
59.06465,1
59.12415,1
59.1634,0
59.2232,1
59.22675,0
59.3617,1
59.39045,2
59.3983,0
59.4268,0
59.47925,0
59.57095,0
59.6292,0
59.67,2
59.70075,0
59.84465,0
59.8495,2
59.8949,0
60.00525,0
60.0329,1
60.06895,1
60.08615,0
60.11075,0
60.1271,0
60.26695,0
60.2756,2
60.33215,0
60.3587,1
60.4018,0
60.4827,0
60.52565,1
60.58285,1
60.6009,1
60.62235,1
60.75405,0
60.77555,0
60.81205,1
60.8199,0
60.9092,1
60.93,1
60.97565,0
61.0034,1
61.01485,1
61.032,0
61.03645,0
61.0475,1
61.08555,0
61.11005,1
61.1121,1
61.11505,0
61.1272,1
61.1311,1
61.15515,0
61.1673,1
61.17075,1
61.1774,1
61.1817,1
61.18445,1
61.2048,1
61.2084,0
61.21155,0
61.21315,1
61.21725,1
61.2246,1
61.23605,1
61.23965,1
61.24835,1
61.25455,0
61.26635,0
61.3009,0
61.3164,1
61.3186,1
61.3277,0
61.33265,1
61.33565,1
61.34205,0
61.3516,0
61.35415,1
61.3639,1
61.37135,1
61.37525,1
61.38265,1
61.3871,1
61.4015,1
61.4121,1
61.42825,0
61.4326,0
61.45895,1
61.4628,2
61.4788,1
61.49505,1
61.49755,1
61.5286,0
61.5769,1
61.60465,0
61.683,2
61.7439,1
61.77245,0
61.7932,1
61.8045,0
61.8057,0
61.8323,0
61.84055,0
61.84755,2
61.899,1
61.90475,1
61.9176,0
61.9295,0
62.0058,0
62.0182,0
62.1132,1
62.34115,0
62.3643,0
62.3994,2
62.40445,0
62.41515,1
62.47385,2
62.478,0
62.48135,0
62.57985,1
62.723,0
62.74045,0
62.7583,1
62.8504,1
62.98945,2
63.11045,1
63.16785,1
63.18745,0
63.29105,0
63.29725,0
63.3591,0
63.4196,2
63.57245,0
63.65455,0
63.6586,1
63.6695,2
63.69255,2
63.70695,0
63.76575,0
63.8554,1
63.8592,1
63.8776,0
63.90015,1
63.92925,0
63.97135,0
63.98605,0
64.0089,1
64.0288,1
64.04455,0
64.05885,1
64.06265,1
64.0705,0
64.09455,1
64.09815,0
64.1086,0
64.11015,1
64.12365,1
64.1281,1
64.14005,0
64.147,0
64.1515,0
64.16165,1
64.1671,1
64.1845,0
64.1963,0
64.2169,0
64.22015,1
64.23515,1
64.25055,1
64.2706,1
64.28935,1
64.3094,0
64.3526,1
64.3677,1
64.37285,0
64.3749,0
64.3856,0
64.39925,1
64.4029,1
64.4167,2
64.4192,2
64.44075,0
64.45085,0
64.46065,0
64.4755,1
64.4801,1
64.48715,1
64.5744,2
64.6222,0
64.65295,1
64.74075,0
64.76795,1
64.81825,0
64.9941,1
65.1205,0
65.1243,0
65.1531,0
65.18575,0
65.2204,1
65.3175,0
65.3226,2
65.34605,1
65.3562,0
65.46045,0
65.5233,0
65.55475,0
65.56595,2
65.5974,1
65.6045,0
65.63785,0
65.739,1
65.7721,2
65.8307,0
65.84745,0
65.89965,0
65.94005,1
65.94475,0
65.9559,0
65.9978,2
66.1586,1
66.18595,0
66.1888,0
66.20905,0
66.2398,0
66.26155,0
66.294,1
66.29985,1
66.3058,1
66.31965,0
66.41925,0
66.42645,1
66.4971,0
66.62495,0
66.6293,0
66.66585,2
66.70095,1
66.9511,1
66.9654,1
66.97225,2
67.0717,1
67.07525,1
67.07755,1
67.0923,1
67.0953,0
67.1278,1
67.16595,1
67.1712,0
67.1869,1
67.18935,0
67.20145,1
67.2238,1
67.2291,1
67.2341,0
67.2441,1
67.28645,1
67.2979,1
67.30305,1
67.3211,1
67.33595,0
67.3716,1
67.3845,2
67.40185,1
67.40325,0
67.4379,1
67.4599,0
67.465,1
67.46775,1
67.47,1
67.499,1
67.5084,0
67.53175,1
67.6422,0
67.70995,0
67.7241,0
67.7304,0
67.8349,0
67.8625,1
67.9225,2
67.93735,0
67.9599,1
68.0226,0
68.0353,0
68.07435,1
68.10355,0
68.10855,0
68.18625,1
68.3298,1
68.36515,1
68.38765,0
68.4201,0
68.44435,1
68.45805,1
68.5039,1
68.54795,0
68.5633,2
68.5715,0
68.6035,0
68.7883,0
68.79705,2
68.97755,0
69.01005,2
69.0143,1
69.02415,1
69.0308,1
69.0414,1
69.05255,0
69.1378,0
69.17645,1
69.1811,0
69.1851,0
69.26865,1
69.31985,0
69.44755,2
69.7187,2
69.7854,1
69.7919,2
69.79465,2
69.8102,0
69.86195,0
69.9079,0
70.02095,1
70.0347,1
70.0435,1
70.0562,1
70.0665,1
70.14455,1
70.161,2
70.1687,1
70.20405,1
70.2197,1
70.2354,1
70.25535,1
70.27295,1
70.2967,1
70.3013,1
70.37365,1
70.3975,1
70.41995,1
70.4656,1
70.48715,1
70.4913,1
70.5689,1
70.58605,2
70.62735,1
70.6347,0
70.6876,1
70.6893,2
70.70265,0
70.73435,0
70.74295,1
70.76375,2
70.8104,1
70.91835,1
70.9355,1
71.01065,0
71.01915,0
71.059,0
71.0899,2
71.0921,1
71.1083,1
71.18765,0
71.31445,0
71.32335,0
71.3369,1
71.35605,1
71.65875,0
71.67905,0
71.7772,0
71.7957,0
71.8499,0
71.863,0
71.90305,0
71.9521,1
71.976,1
71.99005,0
72.00675,2
72.1087,2
72.23445,1
72.31855,0
72.3379,1
72.40195,1
72.4759,0
72.50665,0
72.5137,1
72.5325,0
72.61935,2
72.70125,0
72.7267,1
72.7817,0
72.90445,0
72.96355,0
72.97345,0
73.01045,2
73.0162,1
73.05165,0
73.0796,1
73.0873,1
73.1214,0
73.12745,1
73.12955,1
73.21945,1
73.24155,1
73.24825,1
73.2937,1
73.30105,2
73.4694,0
73.47315,1
73.4964,1
73.5281,0
73.53245,0
73.56985,0
73.59025,2
73.6069,1
73.6274,0
73.65185,1
73.70325,0
73.71135,0
73.74725,0
73.7708,0
73.7818,0
73.86465,0
73.87865,0
73.8921,1
73.95155,1
74.05375,1
74.19075,1
74.20215,0
74.2082,0
74.34605,0
74.3805,0
74.4262,0
74.5041,0
74.5491,0
74.5804,1
74.61505,1
74.7592,0
74.7896,2
74.9344,0
74.97135,0
74.9876,0
74.98995,0
75.021,1
75.0757,0
75.08065,2
75.12935,0
75.1471,0
75.19365,1
75.2179,0
75.29885,0
75.33545,2
75.3726,0
75.41295,0
75.46565,1
75.4975,2
75.51305,2
75.51955,1
75.54005,2
75.5793,0
75.6622,0
75.6809,1
75.6839,2
75.71845,2
75.72705,1
75.75475,1
75.8561,1
75.9241,2
75.94335,0
75.96865,1
76.0227,0
76.0283,0
76.0506,1
76.0868,1
76.09805,2
76.1093,1
76.1168,0
76.1215,0
76.13355,1
76.13755,1
76.1492,2
76.2422,0
76.2555,0
76.2655,0
76.2676,1
76.34985,1
76.3718,0
76.3879,0
76.3978,0
76.40215,0
76.4176,0
76.4382,1
76.44275,0
76.46905,0
76.47275,1
76.53855,1
76.63635,0
76.6424,0
76.7365,0
76.7525,0
76.9071,0
76.91895,1
77.08235,0
77.1111,1
77.12545,1
77.2371,0
77.3115,1
77.3283,2
77.341,2
77.4269,0
77.445,0
77.47965,1
77.4922,0
77.56185,0
77.61995,0
77.6448,2
77.67805,2
77.71035,1
77.71695,0
77.72705,1
77.78095,2
77.7979,0
77.82255,0
77.8281,2
77.85515,0
78.14895,0
78.1833,0
78.19355,0
78.19515,2
78.2006,0
78.2125,2
78.2358,0
78.2636,1
78.3388,1
78.41655,0
78.5943,0
78.63845,2
78.6733,2
78.6758,2
78.75715,0
78.77925,0
78.8407,1
78.86765,1
78.87145,1
78.96285,0
79.0138,0
79.0214,1
79.03655,1
79.04015,0
79.0525,1
79.0582,1
79.06405,1
79.0683,1
79.075,1
79.09055,1
79.13285,0
79.14955,1
79.2034,1
79.25185,0
79.26105,0
79.2856,1
79.29085,0
79.2993,1
79.33685,1
79.36185,1
79.36595,1
79.3683,1
79.4106,0
79.43255,1
79.4351,1
79.43945,1
79.44235,0
79.45545,0
79.4608,1
79.48075,1
79.49025,1
79.51345,0
79.51585,0
79.55925,0
79.56215,0
79.569,1
79.67155,2
79.6745,0
79.72165,0
79.7503,2
79.76265,0
79.90345,2
79.95275,1
79.96645,1
79.9847,0
80.15105,2
80.27355,0
80.3713,1
80.44205,2
80.456,0
80.5751,0
80.71545,1
80.72175,0
80.78845,1
80.9042,0
80.9303,1
80.95905,1
81.03445,0
81.0474,0
81.05815,2
81.15,2
81.26545,1
81.2718,1
81.2805,0
81.30505,0
81.39575,0
81.43875,2
81.44865,1
81.487,0
81.4898,1
81.5408,1
81.5653,1
81.59635,0
81.6875,0
81.7076,2
81.7127,1
81.727,0
81.82495,1
81.8766,0
81.8787,2
82.00655,1
82.02745,1
82.0433,1
82.07865,1
82.09395,1
82.11465,1
82.1198,1
82.12755,0
82.134,1
82.1405,1
82.1438,1
82.14865,1
82.1622,0
82.1663,0
82.2188,1
82.2425,1
82.2578,1
82.288,1
82.30075,1
82.309,1
82.33175,1
82.35705,1
82.3632,1
82.393,1
82.397,1
82.4101,1
82.4246,1
82.4286,1
82.45315,1
82.4721,1
82.4759,1
82.4804,1
82.48545,1
82.4929,1
82.53575,0
82.6388,1
82.73275,1
82.7349,2
82.75025,0
82.838,1
82.9273,0
82.9615,0
82.9709,1
82.9726,0
82.98815,1
83.08095,1
83.1254,0
83.18305,0
83.2485,0
83.30805,2
83.311,1
83.36595,0
83.3842,1
83.4696,0
83.61695,0
83.65425,2
83.6678,1
83.7651,0
83.7747,2
83.8732,2
83.91095,1
83.921,0
83.934,0
83.93795,2
83.95985,0
83.97,2
83.9989,0
84.1218,2
84.2335,2
84.351,0
84.36595,2
84.40235,2
84.46585,0
84.56485,0
84.57145,0
84.61945,0
84.6268,0
84.64235,1
84.6626,2
84.71705,0
84.8341,1
84.8423,1
84.9462,1
85.0076,1
85.01905,1
85.05635,1
85.0809,1
85.1371,1
85.14265,1
85.1482,1
85.1576,1
85.19425,1
85.20705,2
85.2126,1
85.215,0
85.222,1
85.2436,1
85.2593,0
85.27925,0
85.28815,1
85.2979,0
85.34425,1
85.3468,1
85.3625,1
85.40145,0
85.42745,1
85.43175,2
85.58545,2
85.5893,1
85.5932,0
85.60435,1
85.61325,2
85.6185,1
85.63855,1
85.6408,2
85.71305,1
85.71725,1
85.7191,2
85.81705,0
85.83555,1
85.87335,0
85.9842,1
85.99135,0
85.99365,1
86.0025,1
86.0116,0
86.0788,0
86.0915,1
86.117,0
86.19875,1
86.21305,0
86.2262,1
86.23805,2
86.3127,0
86.33525,2
86.4658,1
86.5295,1
86.59315,1
86.6538,1
86.6788,0
86.8426,2
86.9369,1
86.9384,0
86.9766,0
87.08305,0
87.1724,1
87.20705,2
87.4,0
87.49565,0
87.53505,0
87.5987,0
87.65955,1
87.69525,0
87.77105,2
87.871,1
87.89325,0
87.89845,1
88.01275,1
88.0278,0
88.03975,0
88.0516,1
88.0637,1
88.08465,0
88.0862,1
88.11815,1
88.1308,1
88.1398,0
88.1545,1
88.1919,0
88.1975,1
88.20495,1
88.20895,1
88.22985,1
88.2421,1
88.25725,1
88.2697,0
88.2744,1
88.2797,1
88.2834,1
88.2984,1
88.3029,1
88.3058,1
88.37375,1
88.41655,0
88.4183,1
88.43165,1
88.4779,1
88.48015,1
88.48655,1
88.6123,0
88.672,0
88.8184,0
88.83115,1
88.8661,0
88.9508,0
88.96425,0
88.9696,1
89.0326,2
89.1265,2
89.15465,2
89.1866,0
89.22705,0
89.2703,2
89.3208,1
89.33895,2
89.45715,0
89.53655,0
89.5457,1
89.64915,2
89.7103,0
89.73605,0
89.7433,0
89.81485,0
89.92495,0
89.9893,1
90.07695,0
90.19715,0
90.2641,0
90.29455,0
90.43485,0
90.5051,0
90.5629,0
90.59525,0
90.6114,1
90.65595,1
90.66875,0
90.7022,1
90.75415,1
90.8049,2
90.83115,0
90.8585,1
90.8665,1
90.90855,0
90.943,0
90.9559,0
91.0022,0
91.05525,1
91.0596,1
91.0643,0
91.0854,1
91.1066,0
91.1094,1
91.11655,0
91.1194,1
91.14305,0
91.1497,1
91.15225,1
91.1564,0
91.18175,1
91.18645,1
91.18925,0
91.2059,0
91.213,1
91.26165,1
91.2748,1
91.2768,1
91.28475,1
91.2991,2
91.3037,0
91.33605,1
91.34235,1
91.3542,0
91.3823,0
91.3873,0
91.3903,0
91.3929,1
91.3987,1
91.4021,2
91.4246,1
91.45955,0
91.486,1
91.4922,1
91.4936,0
91.55505,0
91.5669,1
91.57735,0
91.62955,0
91.6473,0
91.65625,0
91.6834,1
91.75205,0
91.87685,0
91.8941,0
91.9477,0
92.00655,1
92.0241,0
92.1165,1
92.12905,0
92.13415,0
92.20785,0
92.21085,0
92.26105,1
92.2655,0
92.3003,0
92.3572,0
92.3943,0
92.4146,0
92.4461,1
92.48985,0
92.5384,0
92.65985,1
92.694,2
92.70315,0
92.7078,0
92.7786,2
92.84565,0
92.90545,2
92.9094,1
92.9955,0
93.00035,0
93.0555,2
93.11995,1
93.14875,1
93.16495,0
93.2071,0
93.3511,1
93.3586,2
93.4075,0
93.4899,1
93.493,1
93.5929,0
93.6128,0
93.6783,1
93.7228,0
93.7314,0
93.7393,0
93.76845,1
93.7946,0
93.8122,0
93.8729,1
93.8859,1
93.91835,1
93.9852,2
94.0196,0
94.0223,1
94.03045,0
94.0351,1
94.0562,1
94.0583,0
94.0617,1
94.0715,0
94.09765,1
94.1136,1
94.11865,0
94.14795,0
94.16665,1
94.188,1
94.20125,0
94.2094,0
94.2159,0
94.23,0
94.2873,0
94.30575,1
94.36065,2
94.36935,2
94.3923,0
94.40035,0
94.4174,0
94.4274,0
94.4346,0
94.4415,0
94.44825,0
94.4506,1
94.45655,1
94.4687,2
94.4709,1
94.58175,0
94.58815,0
94.6425,0
94.78225,1
94.81595,0
94.8569,0
94.8763,0
94.89735,2
94.903,0
94.97725,0
95.04095,0
95.0672,0
95.0854,1
95.0867,2
95.1251,0
95.13245,1
95.1704,1
95.21045,2
95.30525,0
95.4321,0
95.4832,1
95.50055,0
95.535,0
95.5888,2
95.67785,0
95.73045,0
95.79685,2
95.8063,2
95.81395,0
95.87885,0
95.9097,1
95.92985,0
96.0381,0
96.0903,0
96.1922,0
96.21335,0
96.2819,0
96.35235,2
96.3548,0
96.4066,2
96.46845,2
96.47065,1
96.5117,1
96.6097,0
96.64255,1
96.82225,2
96.89235,2
96.9044,0
96.91195,1
96.9813,0
96.9885,1
97.0489,1
97.05365,1
97.0557,1
97.0637,1
97.06605,1
97.0947,1
97.1109,1
97.1126,0
97.1412,1
97.17695,1
97.18235,1
97.20445,1
97.2076,1
97.2517,1
97.2694,1
97.29315,0
97.31765,1
97.34995,0
97.3586,1
97.3802,1
97.39615,1
97.4285,1
97.4368,1
97.4449,0
97.46415,2
97.4665,1
97.46865,1
97.4864,1
97.49945,1
97.61975,0
97.65225,0
97.72155,1
97.83605,0
97.86045,0
97.88795,2
97.9171,2
97.9577,0
98.0163,1
98.0705,1
98.14755,0
98.2185,0
98.346,0
98.3677,0
98.40895,0
98.5109,0
98.5415,1
98.5468,1
98.57425,1
98.621,0
98.69645,2
98.77545,1
98.8009,0
98.82725,0
98.86695,1
98.9054,2
99.0678,0
99.13865,0
99.2051,0
99.2686,1
99.3262,1
99.41865,0
99.56885,0
99.68255,0
99.7246,0
99.73375,0
99.75505,1
99.7695,2
99.78945,0
99.8305,0
99.87065,2
99.8801,2
99.92415,0
100.01905,1
100.0425,1
100.0636,1
100.06705,2
100.10365,0
100.139,2
100.1552,1
100.1793,2
100.20155,2
100.2208,0
100.22565,2
100.22845,1
100.2319,1
100.26715,1
100.28965,1
100.29845,2
100.3358,0
100.35185,1
100.40255,0
100.47095,1
100.48925,2
100.5478,0
100.6533,0
100.6658,1
100.70095,2
100.80535,0
100.82495,0
100.84505,0
100.87165,2
100.96925,0
101.2477,1
101.28325,0
101.342,1
101.3775,0
101.39665,0
101.46725,1
101.47775,1
101.52135,1
101.53685,1
101.65435,1
101.74405,0
101.74805,0
101.75485,0
101.77135,1
101.8229,0
101.82545,0
101.90145,0
101.9324,0
101.9558,1
101.9588,2
102.1141,0
102.13365,0
102.21355,0
102.25695,2
102.2812,0
102.33385,1
102.4338,1
102.4857,1
102.6251,0
102.62795,0
102.6469,1
102.6782,0
102.73905,1
102.7713,1
102.87205,0
102.9297,0
102.9428,0
103.02615,0
103.03355,1
103.0383,1
103.04615,1
103.04905,1
103.0623,2
103.08525,0
103.0961,1
103.1116,0
103.12575,1
103.12955,1
103.1711,1
103.19125,0
103.19365,0
103.20725,0
103.2235,1
103.2493,1
103.2514,0
103.27005,0
103.28555,1
103.3045,0
103.31015,1
103.31435,1
103.33635,0
103.3419,1
103.35985,0
103.38615,1
103.39475,0
103.39835,0
103.4016,1
103.43595,0
103.4394,0
103.49015,1
103.4959,1
103.5359,0
103.6866,2
103.6896,0
103.7232,0
103.76005,0
103.83115,2
103.84245,0
103.8853,0
104.00225,1
104.0464,0
104.07895,0
104.08945,1
104.2428,2
104.28195,0
104.3401,0
104.3982,0
104.4028,0
104.4104,0
104.4174,1
104.4926,0
104.51335,2
104.5657,0
104.60825,0
104.73925,0
104.74395,0
104.74945,0
104.93155,1
104.9361,0
104.97375,2
105.03225,0
105.0891,0
105.18995,0
105.28405,0
105.3043,1
105.36655,0
105.5197,0
105.55205,0
105.57575,0
105.59755,0
105.64215,1
105.6728,0
105.69935,1
105.72695,0
105.7306,0
105.8867,2
105.91045,0
105.99365,0
106.00465,1
106.01305,0
106.0181,0
106.02455,1
106.0352,1
106.051,0
106.0868,0
106.0973,2
106.10425,0
106.1186,0
106.15645,0
106.16955,0
106.19045,0
106.21245,1
106.21515,0
106.2346,1
106.24105,2
106.27245,1
106.2921,0
106.3033,0
106.3095,0
106.31885,0
106.32085,1
106.32445,0
106.328,0
106.34225,0
106.3636,0
106.37865,1
106.387,0
106.391,0
106.4067,1
106.4239,0
106.432,0
106.4457,0
106.4758,0
106.48025,0
106.48215,1
106.4935,0
106.49685,0
106.51315,0
106.5302,0
106.6623,2
106.6759,1
106.69685,0
106.8095,1
106.89855,0
106.9268,1
107.04115,1
107.04935,1
107.06875,0
107.1727,1
107.1867,0
107.25395,1
107.26305,0
107.36625,0
107.3879,0
107.40425,0
107.41615,0
107.438,1
107.44265,0
107.47265,0
107.5541,0
107.59375,0
107.68,1
107.71715,0
107.7412,2
107.80915,0
107.82385,0
107.836,0
107.84825,0
107.96985,0
108.0495,1
108.0902,2
108.1706,0
108.22025,0
108.2659,1
108.3006,1
108.3379,0
108.3472,0
108.41605,1
108.4352,1
108.4987,0
108.52485,0
108.5824,0
108.6412,2
108.6903,0
108.75645,0
108.8056,0
109.0586,1
109.06925,0
109.08495,1
109.10615,1
109.11985,1
109.1257,1
109.13125,1
109.16255,1
109.17925,1
109.2416,1
109.27105,1
109.284,1
109.2992,1
109.31415,1
109.3317,1
109.33325,1
109.3832,0
109.4144,0
109.4534,1
109.61205,0
109.6156,0
109.6791,0
109.72215,1
109.78785,0
109.83,0
109.8375,0
109.9449,0
109.9639,0
110.008,2
110.0695,0
110.13775,0
110.24975,0
110.30945,1
110.34015,2
110.3479,0
110.5248,0
110.5408,1
110.55115,0
110.7683,1
110.83655,0
110.98445,2
111.00215,1
111.02225,0
111.0434,0
111.18135,0
111.2315,0
111.26475,1
111.33105,1
111.41555,0
111.4468,2
111.45905,0
111.4638,0
111.49495,0
111.57445,0
111.58745,0
111.5976,0
111.62025,0
111.7057,1
111.87185,0
111.8883,0
111.89375,1
111.8964,0
111.8977,2
111.9079,0
111.96315,1
112.0027,1
112.0094,1
112.01275,1
112.01655,2
112.01855,1
112.03415,1
112.10445,1
112.1164,1
112.1185,1
112.15185,1
112.1802,0
112.2075,1
112.21135,1
112.2295,1
112.23135,0
112.2351,1
112.24575,0
112.25655,1
112.28015,0
112.31185,1
112.356,1
112.37175,1
112.3812,0
112.4508,0
112.45555,1
112.4603,0
112.47435,0
112.47655,1
112.4787,0
112.49315,1
112.53485,1
112.62305,0
112.62535,0
112.63935,1
112.70665,1
112.7471,0
112.75625,0
112.8132,2
112.8278,0
112.8799,0
112.8925,1
113.02035,0
113.04315,0
113.07145,0
113.0848,0
113.1005,2
113.161,0
113.2177,0
113.24135,0
113.341,1
113.35205,2
113.36435,1
113.37685,0
113.39545,2
113.4013,1
113.4994,0
113.53945,2
113.6984,1
113.804,0
113.83325,0
113.8508,0
113.9329,0
113.99605,2
114.0232,0
114.0276,0
114.0453,2
114.0769,2
114.09895,2
114.1099,1
114.2401,0
114.335,0
114.34255,1
114.3672,0
114.4377,2
114.4975,0
114.557,2
114.612,0
114.73955,1
114.7421,2
114.75795,2
114.81035,2
114.87565,2
114.9234,1
115.0108,0
115.0138,1
115.02965,1
115.0551,1
115.06275,1
115.07045,1
115.084,1
115.11335,1
115.11595,1
115.143,2
115.1491,1
115.15825,1
115.16475,1
115.17145,1
115.17585,1
115.1872,1
115.21755,1
115.2255,0
115.2314,1
115.24025,1
115.27135,1
115.2737,0
115.27905,1
115.2945,1
115.33485,1
115.33765,1
115.34235,1
115.3556,1
115.3637,1
115.36915,1
115.37605,0
115.38615,1
115.39715,1
115.42475,1
115.44345,0
115.4459,1
115.44915,1
115.4545,1
115.4621,0
115.4675,1
115.47005,1
115.49485,1
115.5699,2
115.7081,2
115.8358,2
115.8481,0
115.948,0
116.0456,0
116.05,1
116.12935,0
116.18,0
116.19445,1
116.21715,2
116.2521,1
116.2775,0
116.2823,0
116.37855,1
116.46765,1
116.635,0
116.63885,1
116.64345,1
116.7346,0
116.79745,1
116.8263,0
116.8388,2
116.853,2
116.87655,1
116.92585,0
116.9603,0
117.00515,0
117.04635,0
117.25545,1
117.2614,2
117.26405,1
117.26555,0
117.273,0
117.32595,2
117.3448,2
117.3771,1
117.5399,0
117.6197,1
117.68455,0
117.68985,0
117.7875,0
117.80055,1
117.8365,1
117.85925,2
118.00625,0
118.0205,1
118.04285,1
118.04785,0
118.05225,0
118.07475,1
118.09435,0
118.12005,1
118.1322,1
118.14105,1
118.18345,1
118.20115,1
118.2123,1
118.2252,1
118.2286,1
118.2316,1
118.23935,1
118.2535,1
118.2773,1
118.3174,1
118.33835,1
118.38355,1
118.3889,1
118.4016,1
118.4176,0
118.42895,1
118.4331,0
118.4437,1
118.4487,1
118.46815,1
118.6088,0
118.60985,2
118.69075,0
118.78355,0
118.7964,1
118.85045,1
118.87105,0
118.8796,0
118.88435,1
118.91715,1
118.9356,0
118.9377,1
118.9418,0
119.03445,0
119.09325,0
119.20635,1
119.2577,0
119.28185,0
119.2901,0
119.29375,0
119.32025,0
119.3755,1
119.43525,0
119.48615,1
119.49155,0
119.6302,0
119.69735,1
119.716,0
119.80975,0
119.9625,0
119.98985,2
119.99235,0
120.05315,2
120.2769,0
120.2845,0
120.33005,0
120.33295,1
120.5265,1
120.5375,1
120.58465,0
120.6203,1
120.6553,0
120.7004,2
120.7579,0
120.8146,0
120.88355,0
120.887,1
120.9808,0
121.04105,1
121.06435,1
121.07685,1
121.09145,1
121.1068,1
121.11705,1
121.12905,1
121.13495,0
121.154,0
121.1561,0
121.17355,1
121.191,1
121.20195,1
121.20795,1
121.2123,1
121.2264,0
121.276,0
121.2863,1
121.29675,1
121.3068,1
121.33625,1
121.3569,0
121.3852,1
121.41285,0
121.41645,1
121.4515,0
121.47515,1
121.48835,0
121.5017,0
121.5222,1
121.602,2
121.69135,0
121.7163,1
121.74935,0
121.8753,1
121.9477,1
121.9733,0
122.01245,0
122.0222,0
122.12775,2
122.13835,2
122.14895,2
122.19365,0
122.21485,1
122.2532,0
122.31115,1
122.56275,0
122.6402,1
122.6531,0
122.69785,2
122.70105,0
122.74045,0
122.75785,1
122.8912,1
123.0818,2
123.13355,0
123.223,2
123.2291,0
123.3302,0
123.35275,1
123.39105,0
123.42295,0
123.4802,1
123.56235,1
123.6361,0
123.71865,0
123.7332,2
123.80405,1
123.85895,2
124.00065,0
124.05815,1
124.07515,1
124.0831,2
124.09725,2
124.11435,1
124.1248,1
124.1409,1
124.14405,0
124.15105,0
124.1714,1
124.17645,1
124.1814,1
124.19955,2
124.26985,1
124.2883,1
124.297,1
124.31615,2
124.3711,1
124.38145,0
124.3979,1
124.42915,1
124.44925,1
124.4551,1
124.45895,1
124.4642,1
124.4974,1
124.5035,0
124.59555,0
124.61255,0
124.62045,0
124.6645,1
124.7238,0
124.8721,1
124.87585,0
124.9605,0
124.96705,0
125.02965,2
125.11195,1
125.1163,0
125.17015,0
125.29695,0
125.37965,1
125.388,0
125.42645,0
125.4615,0
125.52695,1
125.5578,1
125.56965,0
125.5922,0
125.83405,0
125.8671,0
125.9047,0
125.90715,1
125.97665,0
126.0117,2
126.154,1
126.1692,2
126.2044,0
126.2159,1
126.4092,1
126.44195,1
126.47415,0
126.49135,0
126.51145,1
126.5447,0
126.5754,0
126.61845,2
126.6301,1
126.6397,0
126.64395,0
126.6677,0
126.67575,0
126.68915,0
126.6988,0
126.76165,1
126.7933,2
126.8028,0
126.93685,0
127.00165,0
127.00715,1
127.03715,1
127.0422,1
127.04865,1
127.05365,1
127.05915,1
127.0969,1
127.1045,1
127.10735,1
127.128,1
127.1389,1
127.1522,1
127.17385,1
127.1775,1
127.184,1
127.1939,1
127.2026,1
127.21395,1
127.2234,2
127.23355,2
127.2502,1
127.25475,0
127.27725,1
127.28205,0
127.3124,1
127.3315,1
127.3423,1
127.34875,1
127.3531,0
127.3574,2
127.36775,1
127.39805,1
127.42045,1
127.43245,1
127.4431,0
127.4539,1
127.45915,1
127.4648,1
127.46785,1
127.4858,1
127.48995,1
127.5016,1
127.5304,1
127.55375,0
127.5856,1
127.59355,0
127.79055,0
127.7976,0
127.8185,0
127.94065,1
128.12965,0
128.2241,2
128.22725,0
128.347,2
128.3496,0
128.40175,1
128.4067,1
128.42015,1
128.44435,0
128.5739,1
128.60005,0
128.6295,1
128.7226,0
128.7388,0
128.77765,1
128.797,2
128.8121,0
128.92935,0
128.9536,1
128.99295,1
129.04865,0
129.08385,0
129.14835,2
129.253,1
129.37105,0
129.40545,1
129.41145,0
129.442,2
129.453,0
129.4724,0
129.49355,0
129.6034,0
129.63755,1
129.67305,0
129.7418,2
129.83195,0
129.8876,0
129.93205,0
129.94285,2
129.96145,2
130.0314,1
130.03925,0
130.0602,1
130.06415,0
130.1142,1
130.12145,1
130.14095,0
130.146,1
130.158,1
130.1711,0
130.1786,1
130.20735,1
130.241,1
130.3127,1
130.35935,1
130.37405,1
130.38825,0
130.3925,1
130.39915,2
130.4041,1
130.4255,0
130.43065,1
130.4323,0
130.44925,0
130.46635,0
130.4751,0
130.50105,0
130.5586,0
130.56905,2
130.587,1
130.5904,0
130.5942,0
130.6036,1
130.6304,1
130.70475,0
130.747,0
130.80765,1
130.8247,1
130.83295,0
130.92745,1
130.96295,0
130.97495,0
130.9941,0
131.06285,1
131.1039,0
131.14865,1
131.17405,2
131.2479,2
131.2511,2
131.40805,0
131.41105,1
131.42695,0
131.48335,0
131.50145,1
131.52435,0
131.53995,2
131.59965,1
131.6007,1
131.6703,0
131.69455,2
131.71645,0
131.76035,0
131.76495,0
131.79385,0
131.8016,0
131.80925,1
131.8721,0
131.92795,1
131.9501,2
131.96025,0
132.0064,0
132.03835,0
132.04585,1
132.052,2
132.10695,0
132.2243,1
132.23775,0
132.3408,0
132.4019,0
132.44495,0
132.4701,0
132.4871,0
132.4984,2
132.5653,0
132.6724,1
132.6941,2
132.70405,2
132.8222,2
132.9055,0
132.9359,0
133.0155,0
133.06215,1
133.0709,0
133.0866,1
133.0981,1
133.12075,1
133.12185,0
133.13445,1
133.1355,0
133.1444,0
133.15625,0
133.1766,0
133.21565,1
133.28785,0
133.386,1
133.3951,1
133.3997,1
133.4339,0
133.47885,1
133.49195,1
133.5141,2
133.73735,0
133.7474,0
133.77465,0
133.8156,0
133.8682,2
133.94245,2
134.0398,0
134.1115,2
134.12445,1
134.28775,1
134.2931,0
134.3813,2
134.38455,0
134.41975,0
134.46605,0
134.4712,1
134.48285,0
134.49765,2
134.5106,1
134.61075,0
134.6227,0
134.69545,1
134.7983,0
134.8739,1
134.89265,0
134.9184,1
135.0451,2
135.1574,0
135.2031,1
135.2349,2
135.3186,0
135.3785,0
135.42315,0
135.4339,1
135.44615,2
135.51825,0
135.5263,2
135.52955,0
135.5939,0
135.6683,1
135.72725,0
135.748,0
135.754,0
135.75865,2
135.84345,0
135.8651,0
135.90225,1
135.9092,0
135.9115,0
136.0074,0
136.02935,1
136.03245,0
136.0407,1
136.08955,0
136.11885,1
136.1599,1
136.16505,0
136.17425,0
136.28345,1
136.28455,0
136.3386,1
136.36085,1
136.37265,1
136.39005,1
136.40565,1
136.46015,2
136.46595,0
136.5035,0
136.589,2
136.6114,0
136.7266,0
136.7333,0
136.75565,0
136.83555,0
136.8927,2
136.92255,1
137.1606,1
137.1794,1
137.2272,2
137.2796,0
137.3499,0
137.3766,1
137.4066,2
137.42225,1
137.56555,1
137.58645,1
137.5931,2
137.598,1
137.634,0
137.8694,0
137.88685,2
137.92025,0
137.9336,0
138.0908,0
138.18775,0
138.2265,1
138.24235,1
138.28745,0
138.30175,0
138.31335,1
138.32585,2
138.3366,0
138.35645,0
138.39965,0
138.44285,0
138.4938,2
138.49625,0
138.595,0
138.6762,1
138.73445,0
138.76545,0
138.85155,0
138.86165,0
138.97265,0
138.98145,0
139.0089,1
139.01465,1
139.03545,1
139.03985,0
139.04395,1
139.07395,1
139.0846,1
139.088,1
139.09405,0
139.09685,0
139.1171,1
139.12115,0
139.123,1
139.138,1
139.1484,1
139.1715,1
139.20365,1
139.20595,1
139.2298,1
139.24735,1
139.26355,1
139.2728,1
139.32445,1
139.3269,1
139.33395,1
139.34125,1
139.3504,1
139.35335,1
139.35695,1
139.3705,1
139.3798,1
139.3881,0
139.3935,1
139.40925,1
139.41265,1
139.41575,1
139.42365,1
139.42535,0
139.4302,1
139.4763,1
139.49235,1
139.54035,0
139.55965,0
139.62375,2
139.67425,0
139.6828,0
139.6947,1
139.74645,0
139.76545,0
139.81035,1
139.8297,0
139.8803,0
139.8823,1
139.96415,1
140.14555,1
140.1753,0
140.30585,0
140.3933,1
140.41265,0
140.4763,0
140.5158,1
140.54805,1
140.61465,0
140.64875,2
140.6901,2
140.7276,0
140.76615,0
140.7907,0
140.82125,0
140.86255,0
141.03065,1
141.03305,0
141.06395,1
141.0962,0
141.26685,2
141.28705,0
141.29205,2
141.2991,0
141.33725,0
141.3735,0
141.4358,1
141.5373,2
141.58425,0
141.6224,0
141.63345,0
141.6604,1
141.6889,0
141.70095,1
141.72905,2
141.861,0
141.88555,2
141.906,0
141.9184,0
141.9473,0
142.00055,0
142.0151,0
142.04575,0
142.0507,1
142.0563,1
142.09645,1
142.1111,1
142.12425,1
142.14425,0
142.1545,1
142.17625,1
142.2056,1
142.2293,0
142.2457,1
142.25995,0
142.27305,0
142.2966,0
142.3058,1
142.3086,1
142.33485,0
142.3408,0
142.3562,1
142.368,1
142.369,1
142.3803,1
142.393,0
142.3958,1
142.39885,1
142.40855,1
142.42335,1
142.43015,0
142.45585,1
142.4663,0
142.4743,1
142.4938,1
142.49675,1
142.62545,0
142.6578,2
142.70595,0
142.8759,1
142.89285,2
142.93785,0
142.9488,2
143.10065,0
143.1071,0
143.2753,1
143.38375,1
143.4012,0
143.47245,2
143.5387,0
143.5473,2
143.58425,0
143.6313,1
143.7971,0
143.99585,0
144.00885,1
144.02495,1
144.0484,0
144.0519,0
144.14465,1
144.1671,2
144.33325,2
144.4873,2
144.56415,1
144.57005,0
144.591,0
144.63165,0
144.6373,1
144.71165,1
144.7524,0
144.83315,0
144.83805,0
144.8677,0
144.8758,1
144.93045,1
145.0002,1
145.0043,1
145.04355,1
145.0548,0
145.08535,1
145.09195,1
145.11675,1
145.1271,1
145.1316,0
145.1391,1
145.14305,1
145.15045,1
145.1685,1
145.1794,1
145.1965,0
145.2039,1
145.22945,1
145.2538,1
145.26215,1
145.28095,1
145.3015,1
145.3036,1
145.31505,1
145.34885,1
145.3638,1
145.3837,1
145.392,1
145.39825,2
145.4247,1
145.4378,1
145.44345,1
145.4468,1
145.4505,1
145.4598,0
145.48225,0
145.5076,0
145.5694,2
145.59185,1
145.60625,2
145.6279,1
145.63965,1
145.8459,0
145.8703,0
145.8745,1
145.8796,0
145.9458,0
145.9585,0
145.9694,0
145.99585,1
146.16435,0
146.22955,1
146.24885,0
146.36235,0
146.4358,1
146.47635,0
146.4951,1
146.50695,0
146.5298,2
146.57175,0
146.67835,2
146.70505,0
146.8124,0
146.89715,0
147.04135,2
147.06855,0
147.08645,0
147.17855,0
147.2591,0
147.27865,0
147.3225,1
147.3825,1
147.43355,2
147.64725,0
147.6799,0
147.83375,0
147.99335,0
148.00855,1
148.0475,1
148.0549,0
148.0814,1
148.0836,2
148.10505,1
148.1111,1
148.1179,1
148.15175,1
148.1613,0
148.1798,1
148.22575,1
148.2285,1
148.2527,1
148.28025,1
148.2883,0
148.2902,1
148.332,1
148.33595,1
148.34175,1
148.3965,1
148.4543,1
148.46165,1
148.4656,1
148.4917,1
148.5175,0
148.5407,2
148.5562,1
148.57805,0
148.60325,2
148.6244,0
148.67625,1
148.7329,0
148.7683,0
148.7702,1
148.78025,0
148.8097,2
148.8282,1
148.92455,2
148.9821,1
149.01275,0
149.2146,1
149.2825,0
149.3096,1
149.3274,0
149.3704,0
149.51525,1
149.53765,1
149.63455,0
149.73175,0
149.76145,0
149.7813,0
149.83695,1
149.8677,2
149.91705,1
149.9622,0
149.9968,2
150.02805,0
150.0546,0
150.0935,2
150.1022,0
150.1152,2
150.1275,0
150.1336,1
150.3164,1
150.3637,0
150.36555,1
150.61595,1
150.731,0
150.77315,1
150.8979,0
150.9101,0
150.9525,0
150.9594,0
151.0012,1
151.0225,0
151.04,0
151.0421,2
151.0473,1
151.05785,1
151.08215,1
151.09465,0
151.09915,1
151.10015,1
151.11645,1
151.1468,0
151.1511,2
151.1715,0
151.1899,1
151.1987,0
151.2101,1
151.22695,0
151.229,1
151.242,1
151.25725,0
151.26255,0
151.32735,0
151.3336,0
151.33925,0
151.34715,2
151.3523,1
151.38125,0
151.38645,1
151.3907,0
151.4002,0
151.40805,0
151.41325,0
151.41925,0
151.4348,0
151.45635,0
151.45895,2
151.4642,0
151.46845,0
151.48155,0
151.49065,1
151.5135,0
151.5187,0
151.5272,1
151.5463,0
151.60545,1
151.6231,0
151.63065,1
151.69285,0
151.7004,1
151.71285,0
151.7153,0
151.8925,0
151.90665,0
151.94395,0
151.9866,0
152.0487,0
152.11755,1
152.2338,0
152.2468,2
152.25405,0
152.2654,1
152.42555,2
152.4464,0
152.5197,0
152.56685,0
152.5708,0
152.6559,2
152.67115,0
152.83295,1
152.87055,0
152.8741,0
152.88015,0
152.9151,0
153.01125,2
153.03845,1
153.052,2
153.0958,2
153.10175,0
153.10455,0
153.1964,1
153.24025,0
153.2915,0
153.33435,2
153.33785,0
153.357,0
153.36535,0
153.4409,0
153.4643,0
153.51645,0
153.54625,0
153.5575,0
153.772,0
153.78765,0
153.80445,0
153.80885,0
153.85675,2
153.8771,0
153.88345,0
153.9287,0
153.95005,1
153.99735,0
154.0167,1
154.02365,1
154.0644,1
154.09175,1
154.11125,1
154.1346,1
154.14005,0
154.15185,1
154.1637,0
154.20315,1
154.2596,0
154.26745,0
154.27025,1
154.2922,1
154.3031,1
154.321,1
154.3283,1
154.33845,1
154.34765,1
154.36015,1
154.38815,1
154.3937,1
154.40465,1
154.40575,0
154.4214,0
154.4234,1
154.42895,1
154.4357,2
154.45945,0
154.4819,1
154.5074,0
154.53865,0
154.5501,0
154.5671,1
154.58535,1
154.5965,0
154.61045,0
154.61345,1
154.71655,1
154.73755,0
154.8029,0
154.81675,1
154.82405,0
154.84035,0
154.92605,2
154.9711,0
154.97615,0
155.01235,0
155.0153,0
155.01895,0
155.06165,0
155.0704,0
155.1124,0
155.11515,0
155.1591,0
155.2416,1
155.3234,0
155.35215,2
155.5239,0
155.5787,0
155.74475,2
155.846,0
155.8653,1
155.9559,2
156.17685,0
156.21575,2
156.22145,0
156.38735,0
156.4552,0
156.45745,1
156.50065,2
156.51835,0
156.55375,1
156.6247,2
156.6284,1
156.6302,2
156.72995,2
156.7694,1
156.8826,0
156.94235,0
157.00265,1
157.02195,1
157.03315,0
157.0365,1
157.04325,1
157.0499,1
157.0615,1
157.07685,2
157.09625,1
157.0981,0
157.11755,1
157.1226,1
157.16345,1
157.1743,1
157.17745,0
157.18865,1
157.19945,1
157.2189,1
157.23615,0
157.26455,1
157.26995,1
157.27515,1
157.2784,1
157.28665,1
157.3083,1
157.32415,1
157.32955,1
157.3435,1
157.35205,1
157.38555,1
157.40925,1
157.42055,1
157.43185,0
157.44535,0
157.45675,1
157.46775,0
157.49455,1
157.53715,1
157.5572,1
157.6035,0
157.76045,1
157.97555,0
157.9803,0
157.9825,0
158.00385,0
158.1731,0
158.23505,2
158.24935,1
158.3134,2
158.4343,0
158.45795,1
158.4733,0
158.5648,0
158.61465,0
158.64425,0
158.75195,1
158.76485,0
158.8568,0
158.86015,2
158.8785,0
158.885,0
158.90415,2
158.96665,2
158.9902,0
159.00465,0
159.0309,1
159.0507,0
159.06955,0
159.0735,0
159.07645,0
159.17825,0
159.1872,2
159.2192,1
159.35965,2
159.43065,2
159.477,2
159.47975,0
159.59945,0
159.6173,0
159.72135,0
159.78265,1
159.8242,0
159.83825,0
159.94215,0
160.0023,0
160.009,2
160.03795,0
160.041,0
160.04955,0
160.05405,1
160.06295,0
160.082,0
160.1128,1
160.1211,1
160.142,0
160.14645,0
160.18655,0
160.1908,1
160.2028,1
160.21,0
160.21325,0
160.22765,2
160.2309,1
160.23845,0
160.2461,0
160.2688,0
160.28005,1
160.30565,0
160.30995,0
160.32075,0
160.3495,1
160.354,0
160.36145,1
160.3732,1
160.3777,0
160.3931,1
160.40245,1
160.41425,1
160.45395,1
160.4631,0
160.46545,1
160.46645,1
160.4698,1
160.4742,1
160.4798,1
160.5493,1
160.57815,0
160.6054,0
160.6106,0
160.7494,0
160.92935,1
160.965,0
160.98255,0
161.0903,0
161.10325,1
161.10525,0
161.1919,1
161.21665,0
161.26185,0
161.307,0
161.3307,1
161.3732,1
161.54685,0
161.688,0
161.8536,0
161.9191,0
161.96915,0
162.0136,0
162.02105,0
162.12445,0
162.1409,0
162.1819,1
162.2046,1
162.21295,0
162.2431,0
162.26295,0
162.30485,0
162.3185,2
162.42295,0
162.45385,1
162.5309,0
162.5369,1
162.5619,1
162.6338,1
162.65835,0
162.7317,0
162.75725,0
162.99815,0
163.0041,1
163.011,0
163.0156,0
163.02405,0
163.03615,0
163.0481,0
163.0529,1
163.0571,1
163.06315,1
163.07665,0
163.08835,1
163.09085,1
163.0992,1
163.1014,2
163.10495,0
163.11325,1
163.11975,0
163.12405,0
163.14265,1
163.15225,0
163.1551,1
163.1694,1
163.17765,1
163.2003,1
163.211,0
163.21255,1
163.22905,1
163.2392,1
163.24535,0
163.2527,1
163.26915,0
163.27125,1
163.27795,1
163.28835,1
163.30575,0
163.3107,1
163.31325,1
163.3218,1
163.34045,1
163.3589,1
163.3745,0
163.378,0
163.3829,1
163.38525,1
163.38965,0
163.39435,0
163.4035,0
163.43745,1
163.4424,0
163.45635,0
163.4649,1
163.4664,0
163.49735,1
163.65685,0
163.72925,1
163.9594,2
163.99415,0
164.0482,0
164.30525,2
164.33525,0
164.44695,0
164.4594,0
164.48475,2
164.4952,0
164.54755,2
164.57245,1
164.5815,0
164.6394,0
164.6519,1
164.67395,0
164.6894,0
164.73705,0
164.8018,0
164.8194,0
164.8859,1
164.9017,1
164.91185,1
164.9508,0
165.0243,0
165.1311,0
165.1428,0
165.146,0
165.17815,2
165.21845,0
165.24535,0
165.30075,0
165.32645,2
165.40395,0
165.56135,0
165.5692,0
165.6045,0
165.615,2
165.63535,0
165.64615,0
165.64845,0
165.66795,2
165.7478,0
165.81365,0
165.89215,1
165.92735,0
165.96375,0
166.0066,0
166.02425,0
166.04435,2
166.0475,1
166.0501,1
166.0596,0
166.0621,1
166.06425,1
166.0686,0
166.0746,0
166.07945,0
166.08385,1
166.08925,1
166.09275,0
166.0971,1
166.0999,0
166.1057,1
166.11315,1
166.1159,2
166.12225,1
166.1477,1
166.1695,1
166.17515,1
166.18685,1
166.1979,0
166.19985,1
166.23135,1
166.2378,0
166.24295,0
166.24715,0
166.25995,1
166.26535,0
166.27045,1
166.27485,1
166.2844,0
166.2945,1
166.30035,0
166.3055,0
166.3088,0
166.315,1
166.32725,1
166.3284,0
166.3319,0
166.33345,1
166.3389,0
166.3416,1
166.34505,1
166.35435,1
166.35925,1
166.36375,1
166.36625,1
166.3777,0
166.3822,1
166.3871,0
166.4071,0
166.4149,1
166.42095,0
166.42375,1
166.4264,1
166.44775,0
166.45335,0
166.4631,0
166.47475,1
166.486,0
166.4942,1
166.5181,1
166.58355,0
166.6128,0
166.68115,0
166.70225,1
166.71365,0
167.14705,2
167.19475,0
167.22255,1
167.2385,0
167.2819,2
167.3054,0
167.3352,0
167.35965,0
167.3776,0
167.4987,0
167.56655,2
167.66605,0
167.6752,0
167.7955,0
167.81105,0
167.8941,0
167.89845,0
167.93695,2
167.9763,0
168.0288,0
168.0316,0
168.0371,1
168.04355,0
168.07785,0
168.3986,0
168.4073,0
168.42035,1
168.4383,2
168.4632,1
168.47385,1
168.5106,1
168.53305,0
168.5462,1
168.6102,1
168.6255,1
168.64135,0
168.66635,1
168.67995,1
168.74565,0
168.7521,0
168.77995,0
168.83195,0
168.9106,1
168.9256,1
168.9852,2
168.9886,0
169.00265,0
169.00405,1
169.0276,2
169.04715,1
169.1055,0
169.17275,1
169.1827,1
169.19465,1
169.2851,1
169.2886,1
169.2929,1
169.2975,1
169.30145,1
169.32375,0
169.33095,1
169.33305,1
169.35285,0
169.39315,1
169.39775,0
169.4297,1
169.4348,1
169.4374,1
169.4599,1
169.47885,1
169.51675,1
169.533,0
169.598,2
169.65225,2
169.7011,0
169.7428,2
169.84545,0
169.86445,2
169.90695,1
169.92905,0
169.94915,0
170.0205,1
170.03,0
170.0332,0
170.0384,1
170.0699,1
170.0924,0
170.21395,0
170.26155,1
170.3081,1
170.32075,0
170.35015,0
170.3854,0
170.542,0
170.58725,1
170.59825,2
170.61505,1
170.64155,0
170.6811,1
170.685,0
170.74535,2
170.7962,1
170.79895,1
171.0711,0
171.13295,1
171.14785,0
171.1946,1
171.2679,0
171.3236,0
171.35195,0
171.47645,0
171.51575,0
171.63295,0
171.6965,0
171.79905,2
171.9209,0
171.94165,2
171.97515,2
172.0098,2
172.01685,1
172.02245,1
172.12045,1
172.1663,1
172.16955,0
172.1899,1
172.25905,1
172.2868,0
172.30505,1
172.3296,1
172.33745,0
172.34,1
172.3687,1
172.4028,1
172.4203,0
172.4441,1
172.4753,1
172.49195,1
172.5072,2
172.59075,2
172.604,0
172.6158,0
172.63805,0
172.64595,0
172.66785,2
172.7061,1
172.7536,0
172.7981,0
172.85175,2
172.85725,1
172.9422,1
172.98425,1
173.0107,0
173.1628,2
173.34315,0
173.43395,0
173.44905,0
173.51505,2
173.54905,0
173.6257,0
173.64355,2
173.70405,0
173.7773,0
173.81845,1
173.8477,0
173.89765,2
173.94475,0
173.97885,1
173.9993,2
174.0047,0
174.0272,0
174.0589,1
174.09525,1
174.11585,1
174.1335,2
174.24995,1
174.3516,0
174.45615,0
174.4621,0
174.54735,0
174.65135,0
174.6599,0
174.6816,2
174.8225,0
174.85305,1
174.90815,0
174.9192,0
174.9418,0
175.0368,1
175.07985,1
175.08125,0
175.10105,1
175.1034,1
175.12045,0
175.14025,0
175.15915,1
175.18145,1
175.1898,1
175.1919,1
175.21495,1
175.2305,1
175.23595,1
175.2457,1
175.26155,1
175.26805,1
175.35,2
175.36175,1
175.36955,1
175.38185,1
175.389,1
175.3934,1
175.40725,0
175.4151,0
175.44435,1
175.45195,1
175.49775,1
175.6776,0
175.70705,1
175.7664,0
175.7743,0
175.8527,0
175.8785,0
175.8909,0
175.9031,0
175.92535,1
176.0318,0
176.0711,0
176.0875,0
176.1021,0
176.24125,0
176.2707,2
176.2918,1
176.39505,1
176.44405,2
176.48125,1
176.486,2
176.52425,0
176.53835,0
176.67415,0
176.69675,2
176.7145,0
176.72025,0
176.73645,1
176.8513,0
176.88525,2
176.9292,0
176.94395,0
177.00265,0
177.0496,0
177.14325,2
177.27565,0
177.28245,1
177.28565,0
177.3355,0
177.40225,0
177.44465,0
177.45965,0
177.46645,0
177.4694,1
177.4734,0
177.5128,0
177.7013,0
177.72305,0
177.73085,1
177.79145,0
177.91025,0
177.92295,0
177.95285,1
177.95745,1
178.0108,1
178.0387,1
178.06735,1
178.07375,1
178.0851,1
178.0987,0
178.1548,1
178.194,0
178.1973,0
178.2105,0
178.24195,1
178.25075,0
178.2558,1
178.29135,1
178.29805,1
178.3122,1
178.32625,1
178.33055,1
178.33335,1
178.35285,0
178.36545,1
178.36975,1
178.38355,1
178.4008,1
178.44485,1
178.4839,1
178.5624,1
178.5799,0
178.64875,0
178.66655,0
178.6815,0
178.7038,1
178.8137,0
178.93425,0
178.9383,1
179.0377,1
179.05745,0
179.06515,0
179.13715,0
179.16425,1
179.2237,2
179.22815,2
179.2664,1
179.2738,0
179.2812,1
179.2983,0
179.38215,1
179.45555,0
179.4704,0
179.499,0
179.5123,0
179.52,0
179.5319,0
179.57575,0
179.594,1
179.60355,1
179.63755,0
179.8776,0
180.00775,2
180.04155,1
180.0708,1
180.219,1
180.323,1
180.42455,0
180.4613,1
180.48715,0
180.5114,2
180.5189,1
180.52,0
180.61515,0
180.70285,0
180.726,0
181.00815,0
181.01825,0
181.0297,1
181.03965,0
181.04135,1
181.05585,0
181.06855,0
181.0876,0
181.09015,0
181.09985,0
181.1056,0
181.11525,0
181.132,0
181.1381,0
181.1426,0
181.15645,1
181.1708,0
181.1869,0
181.1924,0
181.2043,0
181.2193,0
181.2221,0
181.22945,0
181.2365,1
181.2417,0
181.2467,1
181.2633,1
181.2719,0
181.2799,0
181.2871,1
181.3073,0
181.3132,1
181.3148,0
181.31945,0
181.32345,1
181.34245,0
181.35135,0
181.3551,0
181.37655,0
181.382,0
181.3844,0
181.40035,0
181.40595,0
181.43195,0
181.44285,0
181.44625,0
181.4532,2
181.45705,1
181.48505,2
181.50635,0
181.5812,0
181.64065,1
181.67545,1
181.69575,0
181.7062,1
181.74225,0
181.7531,2
181.906,1
181.96985,0
182.0497,0
182.05565,1
182.11245,1
182.1811,0
182.20415,0
182.232,0
182.30205,0
182.34145,0
182.3869,0
182.49315,0
182.6124,0
182.6254,0
182.6277,0
182.6625,0
182.7961,0
182.80965,1
182.851,0
182.89435,0
182.92125,0
183.1279,0
183.29095,1
183.3219,0
183.3389,2
183.4172,0
183.44845,0
183.4987,0
183.50595,0
183.6022,1
183.6413,0
183.77655,1
183.9208,0
183.932,0
183.9674,1
184.0303,1
184.0358,1
184.0495,2
184.05545,1
184.06675,1
184.0696,2
184.08955,0
184.09375,0
184.11415,2
184.117,2
184.11985,0
184.12455,0
184.1298,0
184.1338,0
184.16015,0
184.16285,0
184.1757,1
184.19155,0
184.2108,1
184.21385,0
184.2227,1
184.23425,1
184.2361,0
184.24295,0
184.2613,1
184.26365,0
184.26665,1
184.2737,0
184.2885,1
184.311,1
184.3282,1
184.34505,1
184.35375,0
184.35805,1
184.36825,0
184.38155,0
184.40095,1
184.41975,1
184.4236,1
184.4313,1
184.46155,1
184.47875,0
184.484,0
184.48665,1
184.4896,0
184.49545,1
184.82595,0
184.98865,1
185.03225,0
185.215,0
185.2929,0
185.3028,0
185.51345,0
185.51585,0
185.61855,2
185.68835,1
185.6908,0
185.71335,0
185.7786,1
185.8721,1
185.9315,0
185.95775,1
185.996,1
186.02855,0
186.0357,0
186.132,0
186.1831,1
186.20505,0
186.22885,0
186.2325,0
186.3643,2
186.3781,0
186.39055,0
186.5478,0
186.6805,0
186.71325,1
186.7958,2
186.8735,0
186.9522,0
186.98695,0
187.0037,1
187.06895,1
187.0861,0
187.1141,1
187.14455,1
187.17735,1
187.19235,1
187.19645,1
187.20775,0
187.2183,1
187.231,1
187.2388,1
187.2762,1
187.3021,2
187.30445,1
187.32605,1
187.33175,1
187.34065,0
187.3434,1
187.35215,1
187.36815,1
187.4003,1
187.4197,0
187.43225,0
187.49045,1
187.55505,2
187.72945,0
187.7691,0
187.77805,0
187.95225,2
188.0506,0
188.0533,0
188.0975,0
188.1427,0
188.22225,0
188.2542,1
188.2556,0
188.37045,0
188.3837,1
188.43615,1
188.48035,0
188.4921,1
188.6013,1
188.6086,0
188.61135,0
188.6466,0
188.64905,0
188.65265,0
188.66455,1
188.71875,0
188.74295,2
188.751,1
188.8037,1
188.9983,0
189.0495,1
189.0832,0
189.1012,0
189.1204,0
189.2662,1
189.3153,1
189.319,0
189.3566,0
189.44785,0
189.46905,2
189.4746,0
189.5815,0
189.6085,0
189.701,1
189.7482,0
189.8088,0
189.822,2
189.96715,0
189.98685,1
190.02385,1
190.04225,0
190.10635,0
190.1656,1
190.17425,1
190.2058,0
190.2094,1
190.25675,0
190.2626,1
190.29355,1
190.30595,1
190.31055,1
190.3286,0
190.34005,1
190.36855,1
190.3952,1
190.4225,2
190.4381,1
190.45845,1
190.48685,0
190.4901,1
190.5483,0
190.55485,0
190.5858,1
190.59925,0
190.6095,0
190.63565,1
190.8245,0
190.8636,1
190.9824,0
190.98535,0
191.08285,0
191.0878,0
191.0908,0
191.1408,0
191.15195,0
191.177,0
191.28705,1
191.3193,2
191.4007,0
191.51535,0
191.5437,1
191.5635,0
191.6136,0
191.6248,0
191.657,2
191.75145,1
191.8216,0
191.88465,0
192.00645,0
192.0504,2
192.10785,0
192.12135,0
192.15295,0
192.16535,0
192.2536,1
192.2555,0
192.2953,0
192.31465,2
192.3779,0
192.4151,0
192.47035,0
192.5368,2
192.5886,0
192.59855,0
192.666,1
192.6957,0
192.75465,0
192.8923,0
193.01945,1
193.09845,1
193.1445,1
193.16815,0
193.17595,1
193.1889,1
193.19145,0
193.20945,1
193.2458,0
193.28595,1
193.30285,2
193.31705,1
193.3268,1
193.3433,0
193.4392,1
193.44895,1
193.4877,1
193.49045,1
193.59765,0
193.67875,0
193.68945,0
193.73135,2
193.80725,0
193.83595,0
193.87025,2
193.9053,1
193.95495,2
193.97195,1
194.181,0
194.19965,0
194.23645,0
194.26465,2
194.30905,0
194.49635,0
194.54275,0
194.6092,1
194.6253,2
194.6641,0
194.6913,0
194.7218,0
194.7807,0
194.79895,1
194.85655,2
194.88015,1
194.897,0
194.9054,1
194.99155,0
195.00455,0
195.11305,0
195.15625,0
195.2604,0
195.41745,1
195.42155,0
195.4589,1
195.5715,1
195.7055,2
195.8419,2
195.8929,1
195.89775,0
195.93795,0
195.9618,1
196.01705,1
196.0185,2
196.04525,0
196.064,1
196.0669,0
196.07175,1
196.0822,1
196.08425,0
196.0969,0
196.1081,1
196.11335,1
196.13,0
196.13395,0
196.143,1
196.16475,1
196.16995,0
196.1764,1
196.17935,0
196.19165,1
196.1963,0
196.2117,2
196.21645,0
196.22745,1
196.2348,1
196.238,0
196.23985,1
196.28475,0
196.28985,1
196.30285,1
196.31065,1
196.3123,0
196.31975,0
196.34025,0
196.3429,0
196.3461,1
196.35485,0
196.36575,1
196.37205,1
196.3972,1
196.403,0
196.4215,0
196.4349,0
196.43715,1
196.43935,0
196.44175,0
196.44465,0
196.449,1
196.4542,1
196.4655,1
196.4711,0
196.49785,0
196.5574,0
196.5832,0
196.62165,0
196.6936,2
196.72015,0
196.7357,0
196.76245,2
196.8029,2
196.8479,1
196.8966,0
196.95925,1
197.05575,1
197.0674,0
197.08805,0
197.0946,0
197.11595,1
197.1259,2
197.1826,1
197.19325,0
197.1977,0
197.24505,0
197.2938,1
197.2978,0
197.32265,2
197.3426,0
197.38065,0
197.4073,0
197.4635,1
197.4848,0
197.49725,1
197.5076,0
197.59225,0
197.6743,1
197.67755,0
197.7962,2
197.83395,0
197.8989,1
197.93865,0
197.9446,1
197.95585,0
197.95895,0
197.9663,1
198.0848,0
198.0891,0
198.2136,0
198.2484,0
198.2712,0
198.2745,0
198.3413,0
198.3813,1
198.5435,0
198.597,1
198.7208,0
198.8402,0
198.85005,0
198.904,0
199.0004,1
199.00665,1
199.00935,0
199.02315,0
199.02735,1
199.03095,1
199.0394,1
199.05625,1
199.0592,1
199.0674,0
199.10045,1
199.11085,1
199.1219,0
199.12455,0
199.13595,1
199.13965,0
199.1434,2
199.15235,1
199.1593,1
199.19005,1
199.20185,0
199.20725,2
199.20895,1
199.21155,1
199.23495,1
199.2468,1
199.25575,1
199.25915,0
199.2726,1
199.28305,1
199.2915,1
199.31225,1
199.32815,1
199.33595,0
199.33945,0
199.34625,0
199.3551,1
199.36455,0
199.39235,1
199.40735,1
199.42775,0
199.44955,1
199.4529,1
199.45705,0
199.45885,1
199.4613,1
199.4662,1
199.4881,2
199.5042,0
199.7344,1
199.8501,0
199.89175,2
199.93335,1
199.9686,0
200.3394,1
200.36485,2
200.3784,1
200.41005,0
200.5431,0
200.58235,1
200.5924,1
200.6039,1
200.62205,0
200.64315,2
200.6896,1
200.7085,0
200.7915,0
200.93505,0
200.9517,2
200.9874,1
200.9922,1
201.0356,1
201.14005,0
201.18145,0
201.21635,0
201.26705,0
201.2922,1
201.3947,0
201.46165,0
201.49805,1
201.59445,1
201.6088,2
201.6451,0
201.67025,2
201.68545,0
201.8103,1
201.8187,0
201.8812,0
201.93165,0
201.93415,1
201.9989,0
202.0016,0
202.0092,0
202.01745,2
202.02295,0
202.04195,1
202.06695,1
202.0908,1
202.09695,1
202.15345,1
202.1601,1
202.22115,1
202.2235,1
202.2562,1
202.25835,1
202.2906,1
202.32485,0
202.4276,0
202.4329,1
202.44255,1
202.44495,1
202.4604,1
202.47015,0
202.47265,0
202.4902,1
202.49785,0
202.63185,0
202.70525,2
202.7081,0
202.71475,0
202.7254,0
202.80085,2
202.8493,0
203.18715,1
203.2198,2
203.2649,1
203.30385,1
203.3254,2
203.32685,0
203.3384,0
203.3408,1
203.3863,1
203.44515,0
203.5276,2
203.56415,0
203.60465,2
203.61955,0
203.6985,1
203.779,1
203.7811,0
203.7959,2
203.8939,0
203.9946,1
203.99615,0
204.0103,2
204.12365,0
204.12565,0
204.13695,1
204.1735,2
204.23945,0
204.3175,2
204.36775,1
204.3825,0
204.3912,0
204.4375,0
204.4469,0
204.4964,0
204.5059,0
204.554,0
204.5978,0
204.60535,0
204.7527,0
204.8166,0
204.82425,0
204.90095,0
205.003,0
205.01985,0
205.0493,0
205.0817,0
205.0887,0
205.09175,2
205.09765,1
205.1183,1
205.1311,0
205.14805,1
205.1513,2
205.17345,1
205.18195,0
205.1904,1
205.2157,0
205.24975,0
205.26295,1
205.2737,0
205.27585,0
205.2822,0
205.2951,2
205.30315,0
205.3147,1
205.3215,1
205.3249,1
205.3311,0
205.3371,1
205.3521,0
205.3713,0
205.37975,0
205.39325,0
205.4078,0
205.41915,1
205.44765,0
205.4616,1
205.4676,1
205.4711,0
205.4896,1
205.5082,0
205.52415,0
205.54005,0
205.55685,0
205.56065,2
205.5854,1
205.5925,1
205.62155,0
205.7054,1
205.82865,0
205.9562,1
205.98305,2
206.0248,2
206.06985,0
206.21205,1
206.30765,1
206.3874,0
206.42135,0
206.4301,0
206.46635,0
206.4883,1
206.5138,1
206.52835,0
206.55705,2
206.5883,0
206.6421,1
206.6813,0
206.82595,1
207.0297,0
207.0825,0
207.1112,0
207.13955,0
207.1542,2
207.17995,0
207.29105,0
207.30935,0
207.31695,2
207.3233,0
207.3678,0
207.38475,2
207.41905,1
207.4534,2
207.5259,0
207.538,0
207.66295,0
207.6981,1
207.7745,2
207.7767,1
207.8114,1
207.95255,0
207.96555,0
207.98085,0
208.0008,1
208.0352,1
208.0381,0
208.048,1
208.0527,2
208.06735,1
208.08255,1
208.09435,2
208.11025,1
208.12485,1
208.16895,1
208.1814,0
208.19385,1
208.20665,1
208.22635,1
208.2348,0
208.2718,0
208.28385,1
208.32725,0
208.33405,1
208.33765,0
208.349,1
208.359,1
208.374,1
208.3967,1
208.41735,1
208.4384,1
208.4773,1
208.47985,1
208.4891,1
208.49535,0
208.52345,0
208.54365,0
208.58925,0
208.5941,0
208.60095,1
208.6564,1
208.66655,0
208.6928,0
208.6995,0
208.70825,1
208.75785,0
208.77215,2
208.88825,0
208.8995,0
208.917,1
208.9677,0
209.05435,1
209.1499,0
209.3435,0
209.37135,0
209.4174,0
209.42765,1
209.4554,0
209.7076,0
209.74165,1
209.793,0
209.8092,1
209.91275,0
209.9341,2
209.96325,0
